{
  "normal": {
    "tuesday_18": [
      0.029433333333333332,
      0.065
    ],
    "tuesday_21": [
      0.049966666666666666,
      0.04666666666666667
    ],
    "wednesday_10": [
      58.2856,
      0.38353333333333334
    ],
    "wednesday_11": [
      0.19015,
      0.49423333333333336
    ],
    "wednesday_13": [
      21.896566666666665
    ],
    "wednesday_14": [
      7.32855,
      4.442566666666667,
      18.256783333333335,
      11.647283333333334
    ]
  },
  "holiday": {
    "wednesday_12": [
      0.05031666666666667
    ]
  },
  "wednesday_21": [
    3.8341666666666665,
    29.560566666666666,
    0.025166666666666667
  ]
}